,citynamelist,latitude,temperature,humidity,cloudiness,windspeed,maxtemp
0,Cidreira,-30.1811,63.27,94,100,8.86,63.27
1,Busselton,-33.65,58.35,86,92,2.21,58.35
2,Saskylakh,71.9167,8.91,97,100,2.06,8.91
3,La Ronge,55.1001,53.85,32,75,4.61,53.85
4,Pevek,69.7008,28.54,92,100,5.1,28.54
5,Namtsy,62.7161,19.8,84,11,10.0,19.8
6,Rikitea,-23.1203,76.78,73,0,16.84,76.78
7,Airai,-8.9266,58.24,89,63,1.07,58.24
8,Bluff,-46.6,45.5,86,15,12.12,45.5
9,Mataura,-46.1927,37.13,97,17,3.2,37.13
10,George Town,5.4112,80.37,92,20,4.61,84.13
11,Lebu,-37.6167,56.08,61,100,11.83,56.08
12,Port Elizabeth,-33.918,61.09,72,0,1.14,61.09
13,Anopino,55.6981,44.01,95,100,12.91,44.01
14,Shingū,33.7333,62.15,89,100,7.81,62.15
15,Pacific Grove,36.6177,54.68,64,3,7.0,59.02
16,Saint-Philippe,-21.3585,72.99,82,11,7.02,72.99
17,Bisira,8.5196,76.75,49,100,0.18,76.75
18,Avera,33.194,78.03,27,0,10.96,78.55
19,Dukat,62.55,26.64,97,100,5.59,26.64
20,Rawson,-43.3002,56.82,56,0,12.59,56.82
21,Labuhan,-6.8844,79.77,89,88,6.73,79.77
22,Torbay,47.6666,54.86,38,20,12.66,56.88
23,Kaeo,-35.1,49.32,93,0,7.09,49.32
24,Nanortalik,60.1432,36.61,86,100,9.44,36.61
25,Upernavik,72.7868,28.99,75,100,13.27,28.99
26,Narsaq,60.9167,41.32,74,46,6.17,41.32
27,Nikolskoye,59.7035,51.28,67,99,4.36,51.69
28,Bethel,41.3712,70.92,33,0,14.0,75.02
29,Arona,28.0996,69.71,64,75,2.3,72.12
30,Tasiilaq,65.6145,27.72,77,97,10.29,27.72
31,Hermanus,-34.4187,65.8,72,90,17.81,65.8
32,Grand-Santi,4.25,84.2,70,5,4.56,84.2
33,Bredasdorp,-34.5322,60.78,43,77,11.3,60.78
34,Faanui,-16.4833,81.88,73,15,15.79,81.88
35,Jamestown,42.097,73.09,16,0,5.75,78.39
36,Khandagayty,50.7333,34.29,47,0,5.77,34.29
37,Cabo San Lucas,22.8909,85.17,55,0,8.75,89.62
38,Tuktoyaktuk,69.4541,24.8,93,100,14.97,24.8
39,Yar-Sale,66.8333,15.17,99,77,5.44,15.17
40,Punta Arenas,-53.15,46.33,66,75,12.66,46.51
41,Greiz,50.65,68.86,73,100,6.62,68.95
42,General Roca,-39.0333,64.08,21,8,12.24,64.08
43,Clyde River,70.4692,26.83,68,0,9.22,26.83
44,Longyearbyen,78.2186,21.04,63,20,13.8,21.04
45,Qaanaaq,77.484,21.25,67,4,1.28,21.25
46,Kapaa,22.0752,74.8,86,100,3.0,76.98
47,Fairbanks,64.8378,34.29,90,100,11.5,35.6
48,Itoman,26.1247,77.02,88,75,8.05,77.02
49,Bowen,-20.0167,68.25,96,100,16.93,68.25
50,Brae,60.3964,48.6,82,100,17.34,48.6
51,Makakilo City,21.3469,74.17,72,75,6.91,77.32
52,Ushuaia,-54.8,46.06,66,20,4.61,47.82
53,Cape Town,-33.9258,59.79,85,75,17.27,62.11
54,Kruisfontein,-34.0033,61.74,42,47,5.41,61.74
55,New Norfolk,-42.7826,43.29,89,3,3.49,45.9
56,Hobart,-42.8794,45.12,88,0,14.97,46.26
57,Nālūt,30.3333,71.55,34,100,20.42,71.55
58,San Quintín,30.4833,65.26,58,7,22.59,65.26
59,Kaputa,-8.4689,70.54,70,1,1.92,70.54
60,Port-Cartier,50.0334,51.73,61,10,5.57,51.75
61,Talnakh,69.4865,25.21,98,100,6.93,25.21
62,Arraial do Cabo,-22.9661,75.06,73,75,6.91,75.06
63,Mahébourg,-20.4081,75.49,88,75,4.61,76.24
64,Hasaki,35.7333,52.2,80,100,12.12,52.2
65,Atuona,-9.8,78.87,67,97,19.24,78.87
66,Severo-Kuril'sk,50.6789,34.43,96,99,2.91,34.43
67,Kahului,20.8947,74.84,91,62,10.0,74.84
68,Mar del Plata,-38.0023,55.62,77,0,9.22,57.22
69,Broken Hill,-31.95,55.11,88,100,16.11,55.11
70,Bambous Virieux,-20.3428,75.45,88,75,4.61,76.21
71,Hithadhoo,-0.6,84.06,75,98,16.71,84.06
72,Gijang,35.2442,62.33,66,100,5.59,62.33
73,Vaini,-21.2,73.56,78,75,5.75,73.56
74,Te Anau,-45.4167,37.53,93,37,1.07,37.53
75,Muyezerskiy,63.9333,46.47,73,82,11.83,46.47
76,Salmon Creek,45.7107,54.5,55,29,3.02,58.89
77,Safford,32.834,84.11,12,0,2.73,84.11
78,Buraidah,26.326,88.25,13,26,7.36,88.25
79,Ilhabela,-23.7781,72.88,70,5,7.47,72.88
80,Kavieng,-2.5744,82.54,78,95,14.45,82.54
81,Burgthann,49.352,70.12,69,100,3.71,70.12
82,Vao,-22.6667,73.17,69,56,20.11,73.17
83,Kambove,-10.8764,63.18,72,22,2.55,63.18
84,Marsala,37.7966,62.89,77,6,10.27,62.92
85,Geraldton,-28.7667,63.01,88,40,3.44,63.01
86,Castro,-24.7911,69.84,66,38,5.26,69.84
87,Paciran,-6.8767,80.28,87,94,6.69,80.28
88,Jieshi,22.8134,75.94,97,100,7.05,75.94
89,Nouakchott,18.0858,71.51,72,12,18.5,71.51
90,Labuan,5.2767,82.09,88,20,3.44,82.76
91,West Monroe,32.5185,88.99,62,11,4.74,89.02
92,Dingle,10.9995,77.45,87,100,5.95,77.45
93,Litovko,49.2361,52.14,56,28,3.91,52.14
94,Kidal,18.4411,95.54,6,1,9.69,95.54
95,Norman Wells,65.282,42.84,36,75,10.36,42.84
96,Maināguri,26.5667,74.98,90,57,5.12,74.98
97,Monywa,22.1167,78.37,86,96,4.7,78.37
98,The Valley,18.217,86.09,66,20,16.11,86.14
99,College,64.8569,34.12,90,100,11.5,35.58
100,Butaritari,3.0707,80.85,72,10,17.98,80.85
101,Spornoye,50.8448,40.12,70,100,9.01,40.12
102,São Félix do Xingu,-6.6447,88.23,48,38,4.61,88.23
103,Myitkyina,25.3833,71.73,98,100,1.48,71.73
104,Ust-Maya,60.4167,27.7,89,100,6.96,27.7
105,Trairi,-3.2778,76.77,87,100,6.73,76.77
106,Cherskiy,68.75,19.08,89,24,8.95,19.08
107,Yārāda,17.65,82.72,89,100,10.36,82.72
108,Saint Paul Harbor,57.79,39.99,51,1,23.69,39.99
109,Alice Springs,-23.7,44.15,70,0,4.61,44.15
110,Sioux Lookout,50.1001,60.87,55,40,10.36,60.87
111,Ribeira Grande,38.5167,66.6,82,40,16.11,66.6
112,Prosvet,55.5703,60.51,38,100,16.87,60.51
113,Auki,-8.7676,78.6,87,100,4.72,78.6
114,Mlonggo,-6.5333,79.93,87,100,4.16,79.93
115,Markova,48.6758,49.84,80,59,2.17,49.84
116,San Patricio,28.017,87.8,53,100,19.35,92.12
117,Ostrovnoy,68.0531,39.54,94,100,19.62,39.54
118,Mana,5.6592,81.75,75,30,10.2,81.75
119,Port Alfred,-33.5906,67.78,57,100,11.63,67.78
120,Verkhnyaya Inta,65.9811,28.96,84,14,5.44,28.96
121,Oranjemund,-28.55,54.5,85,80,2.64,54.5
122,Tiksi,71.6872,21.88,85,96,21.63,21.88
123,Sauda,59.6506,52.68,96,92,7.02,52.68
124,Albany,42.6001,73.74,25,0,1.01,75.92
125,São Filipe,14.8961,72.81,81,7,6.76,72.81
126,Comodoro Rivadavia,-45.8667,55.26,54,0,6.91,55.26
127,Hambantota,6.1241,82.74,89,20,13.8,82.74
128,Córdoba,-31.4135,77.36,48,20,6.91,79.75
129,Esperance,-33.8667,62.44,39,7,15.66,62.44
130,Hilo,19.7297,72.25,99,98,1.01,78.28
131,Mehrān,33.1222,81.88,13,0,6.73,81.88
132,Ponta do Sol,32.6667,76.12,39,36,10.96,76.12
133,Aswān,24.0934,94.3,13,0,12.66,94.3
134,Māngrol,21.1167,82.85,80,28,15.1,82.85
135,Hamilton,39.1834,83.43,57,9,3.0,86.25
136,Portland,45.5234,55.11,59,9,5.01,59.56
137,Lompoc,34.6391,60.75,52,20,18.01,70.57
138,Port-Gentil,-0.7193,80.56,89,20,1.14,80.56
139,Ulladulla,-35.35,54.5,76,100,6.82,54.5
140,Shitanjing,39.2342,48.87,43,6,7.11,48.87
141,Mehamn,71.0357,35.51,94,100,16.31,35.51
142,Nouadhibou,20.931,69.78,83,100,14.97,69.78
143,Magadan,59.5667,33.53,99,100,6.04,33.53
144,Nanga Eboko,4.6833,73.78,86,100,4.88,73.78
145,Dillon,34.4166,76.21,47,4,16.44,79.03
146,Zhezkazgan,47.8043,55.02,60,22,8.63,55.02
147,Dikson,73.5069,26.98,94,100,25.1,26.98
148,Champerico,14.3,91.94,63,23,5.59,91.94
149,Saint-Joseph,-21.3667,71.98,79,5,3.49,71.98
150,Kalianget,-7.05,81.55,82,74,6.71,81.55
151,Mayo,38.8876,70.25,35,0,9.22,75.31
152,Kununurra,-15.7667,62.58,82,9,3.44,62.58
153,Keflavik,64.0049,43.23,70,75,20.71,46.31
154,Half Moon Bay,37.4636,56.61,54,0,12.66,62.15
155,San Andrés,12.5847,86.02,74,20,9.22,86.02
156,Pouébo,-20.4,72.27,79,100,15.03,72.27
157,Abhā,18.2164,68.25,68,0,6.91,71.42
158,Barra de Tecoanapa,16.5167,87.19,60,14,11.03,87.19
159,Coyhaique,-45.5752,55.35,58,20,4.61,55.35
160,Krasnyy Chikoy,50.3643,27.86,70,100,5.75,27.86
161,Bac Lieu,9.285,82.13,83,83,5.55,82.13
162,Avarua,-21.2078,77.05,94,75,2.3,77.05
163,Mikuni,36.2171,53.51,83,100,4.65,53.51
164,Haines Junction,60.7522,33.75,75,100,14.97,33.75
165,Chokurdakh,70.6333,15.55,95,100,10.33,15.55
166,Thompson,55.7435,60.96,55,100,6.91,60.96
167,Kehtna,58.9303,48.9,65,100,6.6,48.9
168,Tunceli,39.1083,53.92,64,17,4.12,53.92
169,Makkah al Mukarramah,21.4267,88.68,22,0,5.84,88.68
170,Xichang,27.8964,63.57,90,50,0.6,63.57
171,Matangad,8.5769,76.77,88,99,8.23,76.77
172,Kiryat Gat,31.61,61.81,7,0,4.21,69.4
173,Igarka,67.4667,32.74,99,100,8.21,32.74
174,Leningradskiy,69.3833,32.63,85,100,5.73,32.63
175,Kennett,36.2362,89.42,54,20,11.5,92.25
176,Karratha,-20.7377,72.72,34,36,9.73,72.72
177,Rocha,-34.4833,65.08,77,100,8.32,65.08
178,Kungurtug,50.5994,29.93,53,100,0.92,29.93
179,Ucluelet,48.9329,51.1,80,92,4.07,51.1
180,Alofi,-19.0595,77.25,74,100,15.61,77.25
181,Dunedin,-45.8742,48.79,68,12,4.0,48.79
182,Ukiah,39.1502,55.08,55,7,1.99,57.43
183,Carnarvon,-24.8667,74.08,63,96,9.62,74.08
184,Visnes,59.3556,50.05,87,75,9.22,50.83
185,Melville,40.7934,69.03,26,0,16.11,74.08
186,Manitowoc,44.0667,63.88,81,89,5.99,78.35
187,Saint George,37.1041,70.77,10,99,5.99,72.63
188,Ulhasnagar,19.2167,86.0,71,100,4.88,86.0
189,Gizo Government Station,-8.103,82.47,78,97,8.63,82.47
190,Roald,62.5833,51.69,66,75,18.41,52.72
191,Goiás,-15.5807,87.1,29,9,4.03,87.1
192,Amparafaravola,-17.5833,64.56,68,0,3.11,64.56
193,Worthington,40.0931,80.46,46,89,1.99,82.47
194,Tonekābon,36.8163,61.16,82,94,1.03,61.16
195,Komsomolets,53.7453,51.01,94,100,11.72,51.01
196,Nome,64.5011,28.17,90,100,4.61,28.17
197,Ilulissat,69.2167,26.17,70,82,6.08,26.17
198,Porto-Novo,6.4965,82.54,75,100,6.11,82.54
199,Helong,42.5397,49.12,32,100,1.92,49.12
200,Boende,-0.2167,72.86,96,100,1.66,72.86
201,Dauphin,51.1494,58.39,55,63,21.05,58.39
202,Chumikan,54.7183,32.7,95,100,2.08,32.7
203,Chapais,49.7834,75.06,29,100,15.41,75.06
204,Biak,-0.9131,76.19,86,100,2.59,76.19
205,Chui,-33.6971,64.74,78,100,5.1,64.74
206,Faya,18.3851,69.98,58,51,5.55,69.98
207,Atar,20.5169,99.36,8,56,6.38,99.36
208,Port Huron,42.9709,77.05,27,0,9.22,77.23
209,Barrow,71.2906,24.82,80,100,10.36,24.82
210,Semey,50.4111,51.85,32,100,9.93,51.85
211,Klaksvík,62.2266,47.32,82,91,11.65,47.32
212,Nísia Floresta,-6.0911,83.21,79,100,6.85,83.21
213,Petropavlovsk-Kamchatskiy,53.0452,34.39,100,75,0.0,34.39
214,Zhuhai,22.2769,76.73,100,40,11.5,78.58
215,Khatanga,71.9667,24.1,97,100,3.56,24.1
216,Deqing,30.5448,64.94,93,100,2.93,64.94
217,Portales,34.1862,93.11,6,8,18.7,99.34
218,Hollola,61.05,48.33,49,100,11.9,48.33
219,Flinders,-34.5833,59.59,83,100,4.0,60.39
220,Port Pirie,-33.1833,53.8,70,26,5.55,53.8
221,Constitución,-35.3333,62.64,57,100,11.65,62.64
222,Dudinka,69.4058,7.66,99,37,4.65,7.66
223,Henties Bay,-22.116,62.94,70,0,6.8,62.94
224,Voh,-20.9667,69.44,83,100,6.02,69.44
225,Newberry,34.2746,80.62,29,0,11.45,82.49
226,Xining,36.6167,49.15,75,100,3.8,49.15
227,Ranong,9.9658,79.92,86,99,1.19,79.92
228,Sinnamary,5.3833,80.15,84,32,9.15,80.15
229,Jacareacanga,-6.2222,91.08,48,86,4.81,91.08
230,Kukuna,9.4,89.24,54,100,8.79,89.24
231,Meulaboh,4.1363,78.26,89,100,4.56,78.26
232,Tezu,27.9167,70.88,96,100,2.42,70.88
233,Yambio,4.5721,71.26,91,100,2.08,71.26
234,Takoradze,4.8845,81.7,80,100,8.32,81.7
235,Yaonahuac,19.8667,76.62,50,76,9.78,76.62
236,Battle Creek,42.3212,81.14,19,100,12.39,83.05
237,Kamaishi,39.2667,51.01,45,100,5.84,51.01
238,Lázaro Cárdenas,17.9583,85.8,56,98,11.7,85.8
239,Dublin,37.7021,56.89,47,6,8.99,61.38
240,West Bay,19.3667,87.01,74,92,3.0,87.01
241,Kaitangata,-46.2817,40.39,91,12,7.49,40.39
242,Rockhampton,-23.3833,67.89,94,75,3.44,67.89
243,Bilibino,68.0546,28.74,94,97,4.18,28.74
244,Marktredwitz,50.005,63.88,79,100,3.96,64.96
245,Chapleau,47.8405,66.51,65,99,11.45,66.51
246,Vardø,70.3705,37.38,93,75,10.36,37.38
247,Verkhoyansk,67.5447,3.52,91,31,3.76,3.52
248,Ossora,59.2353,32.85,98,100,2.1,32.85
249,Pyapon,16.2833,79.93,83,100,0.98,79.93
250,Gouré,13.9835,97.02,25,99,11.01,97.02
251,Yellowknife,62.456,28.92,74,100,8.05,28.92
252,Puerto Armuelles,8.2833,82.17,73,100,6.17,82.17
253,Aklavik,68.2191,32.18,91,100,18.77,32.18
254,Clarence Town,-32.5833,61.88,85,100,2.77,68.86
255,Bereket,39.2446,68.22,38,87,7.56,68.22
256,Caravelas,-17.7125,76.6,73,3,6.82,76.6
257,Lavrentiya,65.5833,30.96,98,100,8.14,30.96
258,Moose Jaw,50.4001,48.99,62,96,12.88,48.99
259,Mahina,-17.5065,82.17,74,20,3.44,82.17
260,Ironton,38.5368,81.88,40,1,3.78,83.82
261,Xalpatlahuac,17.4667,90.91,17,58,6.2,90.91
262,East London,-33.0153,65.88,64,100,9.86,65.88
263,Pustoshka,56.3355,43.92,69,17,2.01,43.92
264,Hong Kong,22.2855,78.85,92,100,5.99,80.33
265,Bengkulu,-3.8004,78.8,90,100,4.68,78.8
266,Rochegda,62.8,38.95,66,0,2.53,38.95
267,Bogatoye,53.0601,45.59,96,100,12.01,45.59
268,Ankazoabo,-22.2833,62.4,85,0,5.84,62.4
269,Filingué,14.3521,96.69,20,47,7.81,96.69
270,Maxixe,-23.8597,69.62,94,20,4.61,69.62
271,San Policarpo,12.1791,80.69,83,77,8.08,80.69
272,Zenzeli,45.9241,51.96,44,15,9.26,51.96
273,Sistranda,63.7256,48.16,85,27,9.73,48.16
274,Warrnambool,-38.3833,52.81,82,100,7.07,52.81
275,La Romana,18.4273,88.16,70,20,13.8,88.16
276,Puerto Ayora,-0.7393,75.54,89,40,5.99,75.54
277,Geelong,-38.1471,50.94,97,75,4.61,54.72
278,Guerrero Negro,27.9769,67.96,53,0,18.95,67.96
279,Sechura,-5.5569,77.97,58,50,11.48,77.97
280,Bagdarin,54.4333,25.93,59,99,5.64,25.93
281,Iqaluit,63.7506,32.7,86,100,11.5,33.53
282,Ambon City,-3.6954,77.14,94,40,2.3,77.14
283,Kuusamo,65.9667,50.04,50,0,10.36,50.04
284,Itiruçu,-13.5317,73.99,60,96,7.78,73.99
285,Chardara,41.2547,68.58,70,87,6.62,68.58
286,Ozernovskiy,51.5,36.57,96,98,3.11,36.57
287,Gold Coast,-28.0,67.57,94,100,21.79,69.01
288,Mandalgovi,45.7625,30.02,39,87,4.54,30.02
289,Salalah,17.0151,82.49,83,0,4.61,82.49
290,Praia,14.9215,75.74,69,0,13.8,75.74
291,Banda Aceh,5.5577,81.81,79,100,9.78,81.81
292,Saint-Félicien,48.6501,73.87,28,12,11.61,73.87
293,Nioro,13.35,95.81,23,3,12.97,95.81
294,Jalu,29.0331,76.37,26,34,6.78,76.37
295,Padang,-0.9492,78.91,85,100,3.65,78.91
296,Provideniya,64.3833,32.56,98,100,6.35,32.56
297,Khovd,48.0056,40.48,29,1,3.53,40.48
298,Cayenne,4.9333,83.08,1,75,11.5,84.24
299,Bako,5.7833,66.58,75,3,5.06,66.58
300,Pisco,-13.7,66.02,87,81,7.83,66.02
301,Kuching,1.55,79.02,94,20,2.3,79.02
302,Rock Sound,24.9,75.94,65,9,13.6,75.94
303,Misratah,32.3754,64.36,74,9,7.14,64.36
304,Margate,51.3813,59.72,67,77,4.0,59.88
305,Walvis Bay,-22.9575,70.12,43,5,12.82,70.12
306,Hearst,49.6835,82.63,29,11,14.52,82.63
307,Eureka,40.8021,53.53,68,17,5.99,54.25
308,Pangai,-19.8,77.04,59,100,12.57,77.04
309,Mayen,50.3333,68.25,75,98,6.4,68.99
310,Oslob,9.5211,81.7,78,100,7.2,81.7
311,Luga,58.7372,46.36,65,16,3.76,46.36
312,Porto Velho,-8.7619,89.65,55,75,5.75,89.65
313,Sangar,63.9242,12.63,90,10,4.18,12.63
314,Oktyabr'skiy,54.4815,52.12,95,100,5.48,52.12
315,Darhan,49.4867,34.84,42,94,3.8,34.84
316,Saldanha,-33.0117,58.24,93,62,8.37,58.24
317,Katsuura,35.1333,57.56,88,100,9.24,57.56
318,Jishou,28.3167,60.04,94,62,0.96,60.04
319,Nyurba,63.2842,27.09,96,29,4.18,27.09
320,Haukipudas,65.1765,47.14,77,98,11.81,55.45
321,Sault Ste. Marie,46.5168,70.09,37,0,12.66,70.09
322,Cap Malheureux,-19.9842,76.46,78,22,1.99,76.46
323,Kavaratti,10.5669,85.28,68,100,17.67,85.28
324,Krasnosel'kup,65.7,34.29,99,100,7.78,34.29
325,Arlit,18.7369,97.59,10,0,9.28,97.59
326,Moundou,8.5667,88.48,40,85,3.33,88.48
327,Buala,-8.145,80.29,84,100,5.61,80.29
328,Laguna de Duero,41.5815,78.64,38,0,5.75,78.64
329,Coruripe,-10.1256,80.49,73,5,7.58,80.49
330,Berdigestyakh,62.0989,18.93,90,7,8.41,18.93
331,Laichow,37.1717,50.25,90,81,3.8,50.25
332,Port Lincoln,-34.7333,57.72,66,0,5.1,57.72
333,Oranjestad,12.524,85.95,74,40,23.02,85.95
334,Warri,5.5167,78.03,78,100,0.58,78.03
335,Toamasina,-18.1667,75.52,90,23,8.25,75.52
336,Blacklick Estates,39.9051,80.82,42,40,6.91,82.65
337,Oytal,42.9057,60.01,73,99,4.72,60.01
338,Ndjolé,-0.1783,76.32,97,100,2.57,76.32
339,Columbus,39.9612,80.98,44,0,11.5,82.94
340,Puerto Madero,14.7208,89.8,70,75,8.05,89.8
341,Abasolo,20.45,94.6,12,60,4.97,94.6
342,Ile-Ife,7.4667,75.65,93,100,2.73,75.65
343,Quzhou,28.9594,65.57,98,98,3.83,65.57
344,Coahuayana Viejo,18.7333,91.31,44,100,8.03,91.31
345,Byron Bay,-28.65,65.71,71,100,14.7,65.71
346,Beringovskiy,63.05,35.83,89,100,7.78,35.83
347,Viedma,-40.8135,61.34,45,3,14.09,61.34
348,Vostok,46.4856,44.82,53,61,5.12,44.82
349,Bergkamen,51.6333,70.21,51,0,8.05,71.58
350,Ampanihy,-24.7,64.85,88,32,2.82,64.85
351,Chiautla,19.5333,81.3,11,14,10.31,82.94
352,Linxia Chengguanzhen,35.6003,52.16,80,100,7.65,52.16
353,Kasulu,-4.5767,69.33,76,99,1.01,69.33
354,Camaná,-16.6228,68.11,79,88,8.21,68.11
355,Chumphon,10.3333,73.33,97,100,0.31,73.33
356,Kropotkin,45.4375,44.37,69,20,6.69,44.37
357,Jumla,29.2747,57.0,89,96,1.66,57.0
358,Ojinaga,29.5667,97.75,16,0,5.75,103.57
359,La Rioja,42.25,71.38,60,19,2.46,71.38
360,Lima,-12.0432,69.91,70,100,11.5,69.91
361,Dordrecht,51.81,61.66,73,73,7.0,64.53
362,Shām Churāsi,31.4997,88.68,27,0,6.53,88.68
363,Spruce Grove,53.5334,37.65,64,100,4.0,39.78
364,Curaçá,-8.9903,84.7,44,100,8.75,84.7
365,Kikwit,-5.041,75.15,76,98,1.3,75.15
366,Puerto Baquerizo Moreno,-0.9,81.59,61,20,11.5,81.59
367,Diamantino,-14.4086,91.74,35,41,4.74,91.74
368,Jingdezhen,29.2947,64.74,97,79,2.82,64.74
369,Okato,-39.2,50.92,75,0,9.6,50.92
370,Namatanai,-3.6667,80.76,78,85,11.23,80.76
371,Kouango,4.9934,80.85,61,100,4.38,80.85
372,Derzhavīnsk,51.1,56.07,72,78,10.58,56.07
373,Acapulco de Juárez,16.8634,88.05,56,2,9.6,88.05
374,Lárdos,36.0942,62.42,77,0,9.35,62.94
375,Port Hardy,50.6996,47.91,79,100,2.73,47.91
376,Souillac,-20.5167,73.78,94,40,5.75,73.78
377,Grand Gaube,-20.0064,76.37,78,26,1.99,76.37
378,Point Fortin,10.1833,86.86,62,25,13.44,88.9
379,Samarai,-10.6167,82.38,82,100,14.09,82.38
380,Trincomalee,8.5711,82.78,80,100,22.41,82.78
381,Ketchikan,55.3422,43.27,87,100,17.27,43.27
382,Puerto del Rosario,28.5004,71.35,83,0,6.91,71.35
383,Chatrapur,19.35,80.89,83,98,12.06,80.89
384,Port Macquarie,-31.4333,58.89,75,100,7.87,58.89
385,Tazovsky,67.4667,15.44,96,11,5.1,15.44
386,Ouadda,8.0777,77.22,65,100,3.36,77.22
387,Saint-Pierre,-21.3393,72.77,73,0,8.05,73.9
388,Vera Cruz,-12.6333,80.91,46,81,7.4,80.91
389,Naifaru,5.4444,83.84,77,100,19.55,83.84
390,Pilar,-9.5972,82.33,73,18,6.31,82.33
391,Yerbogachën,61.2767,28.49,94,86,3.4,28.49
392,Deniliquin,-35.5333,59.79,71,100,9.89,59.79
393,Tibú,8.639,94.35,46,82,3.94,94.35
394,Sabha,27.0377,82.36,17,10,9.28,82.36
395,Antalaha,-14.9003,73.17,90,6,3.65,73.17
396,Kumo,10.0447,87.66,47,65,8.7,87.66
397,Bonavista,48.6499,45.72,64,0,12.5,45.72
398,Granard,53.7667,50.92,76,7,16.13,50.92
399,Oyama,36.3,61.59,62,100,3.31,61.59
400,Otradnoye,59.7775,48.02,67,100,4.38,51.85
401,Vila Franca do Campo,37.7167,66.61,72,100,1.86,66.61
402,Khātra,22.9833,81.79,74,94,12.71,81.79
403,Enshi,30.3,66.34,93,100,0.49,66.34
404,Fortuna,40.5982,53.31,66,75,8.05,54.99
405,Loa Janan,-0.583,75.15,92,100,1.45,75.15
406,Kanigoro,-8.13,74.5,94,100,2.64,74.5
407,Pascagoula,30.3658,82.96,68,75,10.36,88.41
408,Vila Velha,-20.3297,78.75,69,40,13.8,78.75
409,Camacha,33.0833,67.42,60,20,12.66,67.42
410,Magaria,12.9983,93.25,30,49,8.34,93.25
411,Alta Floresta,-9.8756,84.92,60,45,5.57,84.92
412,Westport,41.1415,69.06,40,0,5.99,75.02
413,Iskateley,67.6803,37.17,77,99,17.94,37.17
414,Belmonte,-15.8631,79.12,66,7,9.44,79.12
415,Talcahuano,-36.7167,58.68,72,0,8.05,58.68
416,Agüimes,27.9054,73.94,61,0,2.3,74.03
417,Pervomayskiy,53.2485,37.44,98,100,10.42,37.44
418,Adrar,20.5022,93.58,7,1,8.84,93.58
419,Chipinge,-20.1883,58.21,93,2,4.25,58.21
420,San Cristobal,7.7669,77.18,72,97,5.06,77.18
421,Gorontalo,0.5412,74.98,95,100,3.94,74.98
422,Benemérito de las Américas,16.5167,99.63,35,21,2.33,99.63
423,Guangyuan,32.442,65.48,92,100,4.09,65.48
424,Thinadhoo,0.5333,84.31,76,100,19.1,84.31
425,Sturgis,41.7992,80.31,61,100,11.5,82.2
426,Ancud,-41.8697,54.91,67,8,6.87,54.91
427,São Miguel do Araguaia,-13.275,89.33,33,11,1.86,89.33
428,Kānker,20.2719,82.13,65,100,7.65,82.13
429,Bichura,50.5881,29.44,64,46,4.18,29.44
430,Lagoa,39.05,62.31,90,98,14.99,62.31
431,Nanyamba,-10.6833,66.43,98,0,3.67,66.43
432,Judaberg,59.1659,50.11,93,53,13.0,51.66
433,Cañazas,8.3167,88.79,52,100,4.59,88.79
434,Hokitika,-42.7167,48.49,67,0,6.22,48.49
435,Coquimbo,-29.9533,60.53,82,20,16.11,60.53
436,Egvekinot,66.3167,28.36,99,100,5.79,28.36
437,Kirakira,-10.4544,81.21,86,99,7.52,81.21
438,Bonthe,7.5264,81.55,78,100,8.63,81.55
439,Sanchazi,42.0817,50.59,61,100,8.37,50.59
440,Kazachinskoye,57.6953,33.8,57,2,1.34,33.8
441,Bella Union,-30.2752,65.55,83,100,7.02,65.55
442,Tuatapere,-46.1333,41.67,88,8,5.35,41.67
443,Kunduz,36.729,74.32,50,100,2.13,74.32
444,Hailar,49.2,34.09,50,97,7.54,34.09
445,Nemuro,43.3236,41.63,71,0,2.26,41.63
446,Hinton,53.4001,48.15,49,100,6.44,48.15
447,Sitka,57.0531,44.49,70,100,8.05,44.49
448,Ürümqi,43.801,65.35,21,0,4.47,65.35
449,Riyadh,24.6877,87.94,14,0,8.68,87.94
450,Guye,39.7333,51.28,88,100,2.53,51.28
451,Havøysund,70.9963,35.83,89,100,17.54,35.83
452,Trelew,-43.249,59.86,40,0,10.45,59.86
453,Naze,28.3667,68.72,77,85,5.12,68.72
454,Kwang Binh,17.4833,78.87,82,64,7.65,78.87
455,Arrifes,37.7667,64.65,68,20,4.61,64.65
456,Sarandi,-23.4436,74.25,66,98,1.66,74.25
457,Puri,19.8,81.12,82,99,12.97,81.12
458,Kodīnar,20.7903,82.53,80,60,17.81,82.53
459,Provincia di Pescara,42.3333,60.71,88,7,2.28,61.36
460,Anloga,5.7947,83.14,79,88,10.22,83.14
461,Yeppoon,-23.1333,67.78,86,100,14.23,67.78
462,Zhigansk,66.7697,20.53,96,100,9.33,20.53
463,Luba,3.4568,81.39,81,100,6.13,81.39
464,Lewisporte,49.2499,63.55,29,9,3.31,63.55
465,Bubaque,11.2833,77.74,77,6,21.65,77.74
466,Antofagasta,-23.65,63.68,65,0,6.13,63.68
467,Kamenka,51.3223,38.28,74,13,11.65,38.28
468,São João da Barra,-21.6403,75.29,74,17,10.76,75.29
469,Santa Cruz de la Sierra,-17.8,77.05,65,75,8.05,77.05
470,Tomatlán,19.9333,90.95,40,100,11.61,90.95
471,Beloha,-25.1667,65.19,88,16,0.96,65.19
472,Mabaruma,8.2,84.7,62,85,8.48,84.7
473,Wagar,16.1525,90.5,11,7,25.68,90.5
474,Brewster,41.3973,71.89,29,0,12.66,75.27
475,Dutlwe,-23.9833,62.76,35,0,1.21,62.76
476,Vaitape,-16.5167,81.9,73,15,15.75,81.9
477,Razlog,41.8863,48.72,83,77,4.09,48.72
478,Svetlaya,46.5389,48.36,61,0,2.15,48.36
479,Palana,59.1167,33.98,85,6,5.55,33.98
480,Husavik,66.0449,33.15,97,100,14.76,33.15
481,Quelimane,-17.8786,69.04,88,0,3.2,69.04
482,Usinsk,65.9939,29.93,72,39,6.35,29.93
483,Freeport,40.6576,70.11,23,0,17.27,74.5
484,Sørland,67.667,44.46,95,100,14.65,44.46
485,Huarmey,-10.0681,70.34,74,8,9.91,70.34
486,Ilfracombe,51.2093,55.87,85,100,3.0,57.63
487,Pemangkat,1.1667,79.92,84,100,3.49,79.92
488,Korla,41.7597,75.78,24,52,14.72,75.78
489,Columbia,34.0007,79.97,33,0,9.22,81.57
490,Bathsheba,13.2167,84.81,65,20,17.27,84.81
491,Praia da Vitória,38.7333,64.2,84,100,11.77,64.2
492,Gaza,31.5,60.87,67,0,4.99,60.87
493,Necochea,-38.5473,56.03,66,100,7.7,56.03
494,Mujiayingzi,42.1167,44.1,66,91,0.43,44.1
495,Choachí,4.529,72.09,75,93,3.76,72.09
496,Semnan,35.5729,67.53,32,53,5.99,67.53
497,Yulara,-25.2406,49.84,53,98,6.91,49.84
498,Whitehorse,60.7161,36.7,87,100,6.91,39.81
499,Taywarah,33.35,56.82,23,0,3.13,56.82
500,That Phanom,16.9364,78.51,78,100,4.61,78.51
501,Ortigueira,-24.2083,71.13,77,61,3.24,71.13
502,Roebourne,-20.7833,72.9,25,84,9.57,72.9
503,Pangnirtung,66.1451,30.88,78,46,2.68,30.88
504,Fort Nelson,58.8053,48.4,57,51,4.43,48.4
505,Londoko,49.0333,49.21,55,100,2.66,49.21
506,Carnot,4.9409,79.41,57,33,2.06,79.41
507,Saint Anthony,45.0205,75.52,28,0,10.36,77.05
508,Cabedelo,-6.9811,83.07,77,100,6.11,83.07
509,Marawi,7.9986,69.31,96,100,2.91,69.31
510,Itarema,-2.9248,77.52,86,100,8.68,77.52
511,Batticaloa,7.7102,82.51,78,100,5.14,82.51
512,Baruun-Urt,46.6806,30.78,45,44,12.91,30.78
513,Los Llanos de Aridane,28.6585,70.12,78,75,3.44,70.12
514,Lexington,37.9887,81.27,55,0,9.22,83.28
515,Timizart,36.8,56.75,84,0,4.14,56.75
516,Concepción del Uruguay,-32.4825,66.97,80,58,3.0,68.25
517,Brisbane,-27.4679,66.76,92,100,13.8,69.78
518,Brainerd,46.358,72.84,27,0,10.36,74.98
519,Touros,-5.1989,76.86,86,100,5.14,76.86
520,Calvinia,-31.4707,52.34,48,100,3.94,52.34
521,Chake Chake,-5.2459,78.6,85,1,12.06,78.6
522,Khandyga,62.6667,16.02,99,100,1.57,16.02
523,Hofn,64.2539,42.78,58,100,21.39,42.78
524,Bedford,52.1346,60.24,54,100,12.77,61.16
525,Kyren,51.6828,30.87,71,86,1.54,30.87
526,Bossangoa,6.4926,84.02,43,100,3.8,84.02
527,Cedro,-6.6067,89.98,34,89,5.73,89.98
528,City of San Pedro,14.35,81.28,75,84,7.78,82.35
529,Tiznit Province,29.5833,81.23,15,100,4.38,81.23
530,Charter Township of Clinton,42.587,78.58,42,40,11.5,82.44
531,Baker,30.5882,88.3,69,40,9.22,89.74
532,Altamira,-3.2033,79.59,93,77,3.24,79.59
533,Sept-Îles,50.2001,51.06,59,42,8.01,51.06
534,Simao,22.7886,64.99,98,100,2.19,64.99
535,Penzance,50.1186,56.08,88,99,15.66,56.08
536,Shubarshi,48.5872,50.36,82,100,15.52,50.36
537,Urusha,54.05,25.36,78,30,4.92,25.36
538,Muros,42.7762,62.37,75,14,9.08,62.37
539,Binga,-17.6203,69.87,50,0,1.77,69.87
540,Santa Cruz de Tenerife,28.4682,81.99,57,0,5.75,82.0
541,Ambovombe,-25.1667,68.2,82,88,10.92,68.2
542,Sanmenxia,34.7747,61.59,63,100,4.43,61.59
543,Balsas,-7.5325,85.17,50,97,3.8,85.17
544,Southbridge,42.0751,63.0,30,8,13.0,69.22
545,Traralgon,-38.1833,49.89,93,100,1.41,49.89
546,Tianpeng,30.9866,66.4,84,100,3.71,66.4
547,Nosy Varika,-20.5833,71.26,87,17,4.72,71.26
548,Oktyabr'skoye,43.0645,48.34,93,100,4.47,48.34
549,Dzerzhinskoye,56.8344,32.54,55,0,3.2,32.54
550,Kurumkan,54.3,29.35,69,31,3.4,29.35
551,Davila,18.4726,81.39,78,8,3.4,81.39
552,Bintulu,3.1667,79.63,80,99,2.15,79.63
553,Blackfoot,43.1905,49.26,30,39,7.92,54.72
554,Benghazi,32.1167,64.65,75,73,8.21,64.65
555,Bonoua,5.2741,82.02,85,100,4.27,82.02
556,Honningsvåg,70.9821,35.35,87,100,14.97,35.35
557,Lata,40.1629,59.81,50,13,4.16,59.81
558,Poço Verde,-10.7083,79.72,64,82,10.2,79.72
559,La Santisima Trinidad,-14.8333,87.78,62,75,4.61,87.78
560,Caloundra,-26.8,69.71,97,100,8.99,70.9
561,Falam,22.9167,61.39,97,77,2.77,61.39
562,Azogues,-2.7333,61.83,71,74,5.23,61.83
563,Shelburne,44.0787,70.29,27,100,14.12,70.36
564,Chatrā,24.2167,80.47,66,0,11.27,80.47
565,Chetwayi,10.5333,81.19,83,100,11.72,81.19
566,Mahajanga,-15.7167,77.38,62,0,8.7,77.38
567,Batagay-Alyta,67.8006,1.53,87,100,4.83,1.53
568,Pāvilosta,56.8879,57.11,61,100,14.03,57.11
569,Cuamba,-14.8031,70.32,66,87,3.09,70.32
570,Palmer,42.1584,67.3,20,20,21.85,71.78
571,Bilma,18.6853,96.73,9,4,10.22,96.73
572,Asunción Nochixtlán,17.4667,80.92,24,100,15.12,80.92
